id,first_name,last_name,email,UIN,category,college
16000324,Hiram,Flowers,Sed.diam.lorem@vulputatemaurissagittis.com,76513450299,Staff,LAS
16010307,Jocelyn,Kane,risus@sitametante.org,30379913699,Faculty,DGS
16011013,Thaddeus,Hobbs,orci.in@cursuspurusNullam.ca,92323320899,Student,ENG
16020317,Felicia,Holcomb,amet.massa@eratSed.com,73408138199,Staff,BUS
16021121,Courtney,Evans,nonummy@augue.co.uk,22552734399,Staff,BUS
16031201,Zenaida,Chapman,eget@nonegestasa.edu,76806132899,Other,
16061214,Tanek,Miller,hendrerit@vitaesodalesnisi.co.uk,31408965599,Faculty,BUS
16070904,Thomas,Carson,sapien.Nunc.pulvinar@ipsumSuspendisse.co.uk,31686867299,Student,LAS
16080115,Kamal,Eaton,imperdiet.nec.leo@intempus.edu,27764425699,Donor,BUS
16080218,Driscoll,Roy,in.cursus.et@sociisnatoque.org,27562202799,Employee,BUS
16081216,Brittany,Stout,ultricies.ornare@dis.org,78312635299,Other,NULL
16090113,Price,Mercado,tincidunt.nibh@Phaselluslibero.edu,15539452599,Faculty,BUS
16101208,Zeph,Mckinney,non@tristiquepellentesque.ca,73754880099,Other,NULL
16140511,Yoshi,Snider,rutrum.Fusce.dolor@egestasAliquamfringilla.co,45320796599,Staff,BUS
16160704,Adele,Tillman,molestie@Proinvel.net,58939619499,Faculty,BUS
16160809,Xandra,Albert,ipsum@nonvestibulumnec.org,72694031399,Donor,BUS
16170413,Wade,Arnold,dis.parturient.montes@magnaDuisdignissim.ca,33676060899,Student,BUS
16170516,Brenna,Moran,sed.hendrerit.a@maurisrhoncus.co.uk,83338183299,Other,NULL
16190921,Yoshi,Chase,egestas@euodiotristique.net,50995122499,Student,LAS
16201223,Christine,Perkins,libero.dui@lectus.net,88542505399,Student,DGS
16211129,Stephanie,Colon,magna.nec@tortor.co.uk,88517720399,Other,NULL
16220104,Rafael,Logan,lectus.Cum.sociis@Nunc.co.uk,31563714499,Faculty,ENG
16220715,Doris,Decker,auctor@non.net,28470221699,Other,NULL
16220818,Timon,Taylor,quis.urna.Nunc@nullaIntegervulputate.co.uk,44652664699,Donor,ENG
16360907,Leo,Reeves,Nunc.quis.arcu@ettristiquepellentesque.edu,72767700499,Employee,ENG
16371209,Hiram,Watson,urna@pretiumaliquet.ca,02371099599,Student,ENG
16371211,Fulton,Walsh,lobortis@tellusAeneanegestas.co.uk,96489053099,Employee,BUS
16380224,Kermit,Austin,Aliquam.tincidunt@blanditcongue.edu,95447466599,Donor,NULL
16390508,Jolene,Rasmussen,et.magnis.dis@eget.net,23487008999,Staff,NULL
16390623,Eagan,Riggs,Cras@dui.com,96822311199,Other,NULL
16390808,Autumn,Flynn,eget.varius.ultrices@loremlorem.org,18212627899,Staff,NULL
16390908,Colby,Silva,sit@placeratorcilacus.edu,01692001899,Faculty,BUS
16401024,Kevyn,Hensley,Cum.sociis@CuraeDonectincidunt.org,38956769999,Other,
16411024,Rose,Blake,faucibus.orci.luctus@lacus.org,56453511599,Faculty,DGS
16420926,Nerea,Kennedy,ut.quam.vel@Etiam.co.uk,01360907199,Other,NULL
16421106,Merrill,King,erat.Sed.nunc@Fuscemilorem.com,38294608299,Other,NULL
16431201,Brent,Guerra,elit.fermentum.risus@pharetraNamac.org,46501108899,Staff,BUS
16440524,TaShya,Baird,nibh.dolor.nonummy@venenatis.org,96278919099,Student,BUS
16440814,Brenda,Cox,imperdiet@urnaNunc.net,61979533299,Student,BUS
16450413,Cruz,Vaughan,et.malesuada.fames@loremac.ca,75998938199,Donor,BUS
16451228,Brody,Whitney,cursus@vellectusCum.co.uk,75259382299,Student,BUS
16460105,Carl,Stark,dignissim.pharetra@eratsemperrutrum.edu,84788033399,Student,BUS
16470108,Callum,Snider,nec@luctusfelispurus.net,88295670699,Staff,NULL
16470120,Lee,Medina,in@insodaleselit.ca,99887001599,Staff,NULL
16470418,Kasper,Barton,vehicula.Pellentesque@vulputate.org,07531021799,Other,NULL
16480120,Lara,Cherry,vestibulum.Mauris.magna@mattis.ca,14874329799,Student,ENG
16480914,Kuame,Black,Sed.dictum.Proin@dolor.ca,41439037499,Faculty,EDU
16480929,Gavin,Beach,et.commodo.at@ipsumSuspendissenon.com,31530795499,Donor,NULL
16490201,Cyrus,Lane,vel@nibhlaciniaorci.ca,04661373399,Staff,NULL
16500804,Montana,Medina,dictum.eu.eleifend@iaculisodio.org,58461622899,Student,EDY
16510404,Kerry,Boyle,lorem.vehicula@Utnecurna.ca,26746815099,Staff,NULL
16510912,Lucy,Hayes,Vestibulum@duinectempus.com,53861978199,Other,NULL
16511220,Madonna,Collins,Morbi.accumsan@nascetur.com,74214452799,Staff,NULL
16530124,John,Foster,lorem.lorem@Morbi.net,88933438199,Donor,NULL
16530914,Elizabeth,Dominguez,consequat.nec.mollis@aliquetnecimperdiet.co.u,95212459399,Faculty,NULL
16541020,Dieter,Spencer,enim.condimentum@variuset.edu,78847575999,Employee,NULL
16541217,Remedios,Lucas,pede.ac@milacinia.net,05227853399,Faculty,NULL
16560407,Lester,Oliver,Duis.elementum.dui@erategetipsum.co.uk,88535540999,Other,NULL
16580726,Lev,Martin,nec.metus.facilisis@Etiam.com,91780771199,Staff,NULL
16581119,Jolene,Humphrey,amet.consectetuer@dapibus.net,31771098699,Other,NULL
16590418,Hammett,Hopper,erat.eget@Curabituregestasnunc.net,71318126799,Faculty,NULL
16590426,Lacota,Abbott,est.Nunc@consequat.co.uk,54518445899,Student,NULL
16590912,Kathleen,Hanson,imperdiet@Sed.co.uk,98774523299,Other,NULL
16600403,Ivan,Hubbard,rutrum.magna.Cras@metusurna.edu,05819920899,Other,NULL
16600421,Dawn,Holder,mauris.ipsum@estNunc.ca,92894148999,Staff,NULL
16600712,May,Rollins,feugiat@pedeCrasvulputate.edu,96484793499,Other,NULL
16610515,Emmanuel,Rich,Etiam.imperdiet.dictum@DonecestNunc.org,06591177299,Student,NULL
16620717,Abdul,Reeves,sit.amet@ultricesaauctor.co.uk,95777843299,Staff,NULL
16630720,Robert,Cochran,ac.sem.ut@netusetmalesuada.co.uk,73407014899,Donor,NULL
16640707,Nolan,Booth,mollis.non.cursus@lobortisultrices.edu,73768699199,Faculty,NULL
16640723,Baxter,Wall,mauris.ipsum@tellus.com,97886631199,Student,NULL
16640801,David,Peters,Duis@Integertinciduntaliquam.ca,69621808599,Other,NULL
16650603,Sigourney,Holmes,lorem.semper.auctor@Maurisnondui.co.uk,17980986499,Donor,NULL
16651129,Arden,Johnson,ipsum@augue.co.uk,04785821599,Staff,NULL
16660926,Basia,Booker,lectus.pede.ultrices@et.edu,21420889799,Other,NULL
16670913,Russell,Rosario,mauris@sed.net,50851537099,Staff,NULL
16680202,Erasmus,Washington,Vestibulum.ut.eros@disparturient.co.uk,26710398599,Student,NULL
16681207,Zeus,Pierce,enim.mi@vel.com,07998520999,Other,NULL
16681214,Griffin,Barrera,vitae@gravidasagittis.com,14691262399,Student,NULL
16700225,Boris,Everett,ligula@nibh.com,22219984799,Student,NULL
16701006,Bert,Mann,vehicula.risus@velitPellentesque.org,18856277799,Student,NULL
16701014,Deirdre,Meadows,natoque.penatibus.et@Donecegestas.com,41550301399,Staff,NULL
16701118,Madonna,Daniels,enim.Nunc@nonloremvitae.com,38589413499,Student,NULL
16710222,Elliott,Ashley,ac.mattis.ornare@eget.ca,61943407799,Employee,NULL
16710301,Rae,Roach,libero.mauris@Cum.co.uk,48483506999,Staff,NULL
16710312,Nash,Sanchez,Donec.tempor@metus.com,36274465599,Other,NULL
16720703,Travis,York,consequat.nec.mollis@ullamcorpernislarcu.org,27849381799,Donor,NULL
16730518,Alice,Payne,orci.lobortis@disparturientmontes.net,55318140899,Student,NULL
16740420,Judah,Swanson,placerat.orci@erat.com,89607566599,Employee,NULL
16741111,Emerson,Heath,enim.Etiam.imperdiet@Fuscedolorquam.ca,70339013799,Other,NULL
16751130,Victor,Clark,orci@vehiculaetrutrum.co.uk,69918504299,Other,NULL
16760627,Sloane,Gray,felis.eget.varius@felisegetvarius.org,62610006499,Faculty,NULL
16760821,Aline,Brown,convallis@duiquis.ca,35769190899,Student,NULL
16770410,Amethyst,Evans,Suspendisse.sagittis@dui.com,47963176399,Other,NULL
16770411,Carter,Espinoza,Donec.at@euaugueporttitor.org,81722417499,Student,NULL
16790418,Ivory,Lane,facilisis.facilisis.magna@euismod.ca,37328485699,Faculty,NULL
16790420,Heather,Skinner,in.tempus@nibh.co.uk,82861883999,Faculty,NULL
16790619,Kenyon,Tucker,In.tincidunt.congue@dapibusrutrumjusto.com,55819016199,Faculty,NULL
16790723,Linus,Frederick,et.rutrum@lobortisauguescelerisque.co.uk,23988376999,Student,NULL
16790812,Isadora,Simon,lacinia@massaVestibulum.co.uk,95986160599,Student,NULL
16790923,Libby,Landry,dolor.Fusce@fringillaest.com,46904197799,Faculty,NULL
16801106,Grant,Cherry,magna.nec@Sed.co.uk,92821325099,Other,NULL
16810619,Tanner,Nunez,morbi@orci.co.uk,52765287199,Employee,NULL
16820223,Allegra,Hicks,lacinia.mattis@mi.co.uk,21579591299,Faculty,NULL
16820708,Quinn,Baker,nascetur.ridiculus@accumsanconvallis.org,55666187699,Other,NULL
16821018,Alfonso,Kramer,nec.diam@sempererat.co.uk,53556262699,Faculty,NULL
16821217,Kaden,Nixon,nisi.Mauris@Lorem.com,35662420099,Staff,NULL
16830712,Sybil,Bonner,scelerisque.dui.Suspendisse@fringillaeuismode,39988427799,Student,NULL
16830716,Nicole,Gamble,sed.pede.nec@blanditenim.ca,72462009699,Student,NULL
16830727,Francis,Campbell,Donec@et.ca,88275269899,Other,NULL
16840726,Wyoming,Grant,pellentesque.eget@fringillaornareplacerat.com,74636667899,Student,NULL
16841129,Colt,Best,Aliquam.rutrum.lorem@venenatisamagna.co.uk,05734482699,Faculty,NULL
16860112,Colin,Suarez,fermentum@in.com,85268496599,Other,NULL
16870428,Laurel,Nguyen,urna@magna.org,08789038999,Other,NULL
16870429,Rachel,Mathews,sagittis.felis@feugiatmetus.com,72934030899,Faculty,NULL
16870710,Brianna,Irwin,vitae@iaculisaliquet.net,53678983399,Staff,NULL
16871030,Eric,Parks,elit.Aliquam@odioNam.co.uk,93989898899,Staff,NULL
16871119,Malcolm,Frederick,sapien.Aenean.massa@Donecest.com,49212414199,Student,NULL
16871201,Hop,Day,non.massa.non@augue.org,95841719699,Staff,NULL
16881104,Joseph,Jenkins,nibh.Quisque.nonummy@Nunc.ca,10784350299,Student,NULL
16890108,Judah,Flowers,penatibus@Integervulputate.com,55390109299,Student,NULL
16890524,Doris,Nunez,amet@scelerisque.com,24310124399,Student,NULL
16891214,Dylan,Dalton,vel.vulputate@sagittisaugueeu.edu,43624464199,Other,NULL
16900319,Wendy,Christian,Pellentesque@enimdiam.ca,12564169299,Faculty,NULL
16920617,MacKensie,Burnett,Donec.dignissim.magna@pharetra.net,97352400099,Student,NULL
16920925,Noelani,Shepard,nisl.sem.consequat@montes.net,17579187899,Staff,NULL
16940717,Warren,Hines,odio.auctor.vitae@arcu.co.uk,30286558799,Faculty,NULL
16941109,Tamara,Nichols,mauris.ipsum.porta@Sed.co.uk,63328157299,Student,NULL
16950512,Chloe,Miranda,sapien.Cras.dolor@elitpedemalesuada.edu,20596627399,Other,NULL
16960710,Benjamin,Herman,non.hendrerit.id@acurnaUt.net,49265003199,Staff,NULL
16970123,Zahir,Johns,eleifend.non@nonvestibulumnec.edu,24945943299,Staff,NULL
16970515,Emery,Jensen,eget@idmollisnec.co.uk,23679529199,Student,NULL
16970919,Thane,Johnson,in@Maurisvelturpis.ca,95816095499,Faculty,NULL
16980306,Hayley,Greene,faucibus@sempercursus.co.uk,52491650499,Other,NULL
16980419,Kennan,Strong,neque@convallisdolorQuisque.co.uk,94906952299,Staff,NULL
16980516,TaShya,Colon,semper.tellus@lectus.net,89321042099,Faculty,NULL
16980929,Eagan,Dennis,risus@liberoDonec.ca,12330105899,Other,NULL
